Year,State,Overall Homeless,Under 18,Age 18 to 24,Over 24,Female,Male,Transgender,Non-binary,Non-Hispanic/Non-Latin,Hispanic/Latin,White,African American,Asian American,Indigenous,Pacific Islander,Multiple Races,Overall Homeless Veterans,Veterans - Female,Veterans - Male,Veterans - Transgender,Veterans-Non-binary,Veterans - Non-Hispanic/Non-Latin,Veterans - Hispanic/Latin,Veterans - White,Veterans - African American,Veterans - Asian American,Veterans - Indigenous,Veterans - Pacific Islander,Veterans - Multiple Races
2014,AK,1784,397,202,1185,799,984,1,0,1720,64,653,142,14,781,50,144,178,7,171,0,0,173,5,111,21,0,37,0,9
2014,AL,4561,772,366,3423,1681,2806,4,0,4368,123,1982,2345,17,20,2,125,542,49,488,1,0,535,2,249,282,0,2,0,4
2014,AR,2936,355,315,2266,1113,1098,0,0,1669,542,1445,714,11,6,2,33,361,71,179,0,0,241,7,143,96,1,1,0,7
2014,AS,0,0,0,0,0,0,0,0,0,0,0,0,0,0,0,0,0,0,0,0,0,0,0,0,0,0,0,0,0
2014,AZ,10495,2679,1024,6792,3900,5531,15,0,6984,2462,6056,1823,33,766,67,701,858,62,678,3,0,639,94,536,122,1,49,6,19
2014,CA,113952,15057,13853,85042,20974,30954,95,0,35550,16473,31703,13921,1030,1916,758,2695,12096,1038,4804,8,0,3722,1755,3153,1765,104,190,77,188
2014,CO,10028,2835,1004,6189,3701,5284,38,0,6419,2604,5330,2060,91,474,64,1004,753,63,602,1,0,589,71,469,115,2,27,4,43
2014,CT,4450,836,308,3306,1404,2125,2,0,2572,959,1680,1505,30,113,78,125,295,14,207,1,0,205,16,141,72,1,3,1,3
2014,DC,7748,2241,837,4670,3326,4406,16,0,7417,331,552,6886,38,13,2,257,406,47,359,0,0,384,22,44,343,4,0,0,15
2014,DE,901,220,51,630,390,511,0,0,843,58,358,519,2,5,2,15,93,5,88,0,0,91,2,42,49,0,0,0,2
2014,FL,41542,8579,3522,29441,11959,22057,40,0,29847,4209,20106,12743,130,270,80,727,4552,518,3446,0,0,3373,428,2511,1212,8,30,2,38
2014,GA,16521,2716,1246,12559,3920,6967,27,0,10470,444,2371,8126,34,7,10,366,1443,144,865,0,0,940,15,190,681,0,0,2,82
2014,GU,1356,535,149,672,658,697,1,0,1345,11,11,5,25,7,1277,31,36,0,36,0,0,34,2,4,2,1,2,26,1
2014,HI,6918,1864,507,4547,2896,3998,24,0,6056,862,1683,227,394,87,2603,1924,593,43,549,1,0,539,54,267,58,41,15,101,111
2014,IA,3122,1030,311,1781,1431,1690,1,0,2855,267,1972,818,19,84,4,225,202,17,185,0,0,194,8,158,33,0,2,0,9
2014,ID,2104,518,186,1400,894,1209,1,0,1889,215,1830,88,16,136,11,23,215,27,188,0,0,205,10,187,13,2,11,0,2
2014,IL,13107,3592,1450,8065,6111,6591,21,0,11426,1297,4473,7582,114,64,37,453,1234,108,1089,0,0,1081,112,479,653,9,13,0,39
2014,IN,5971,1277,546,4148,2290,3678,3,0,5680,291,3696,2007,25,32,7,204,725,41,683,1,0,703,22,431,258,0,3,1,32
2014,KS,2783,707,192,1884,1150,1548,3,0,2441,260,1855,622,15,90,2,117,393,17,366,1,0,364,19,240,102,0,11,0,30
2014,KY,5089,1073,484,3532,1998,2997,3,0,4821,177,3351,1371,13,32,3,228,600,37,542,1,0,574,5,343,229,1,3,0,3
2014,LA,4606,860,470,3276,1746,2844,16,0,4470,136,1515,2871,23,58,11,128,437,37,399,1,0,424,13,186,226,1,10,1,13
2014,MA,21237,8916,1975,10346,10751,10451,10,0,13985,7227,10415,6164,209,58,100,4266,1264,76,1185,2,0,1112,151,906,235,2,4,2,114
2014,MD,7856,1812,592,5452,2988,4525,7,0,7152,368,2696,4516,49,32,19,208,654,50,582,1,0,619,10,256,359,5,1,0,8
2014,ME,2726,793,315,1618,1235,1489,2,0,2593,133,2371,236,11,34,12,62,152,9,143,0,0,148,4,131,12,0,4,0,5
2014,MI,12227,3145,1396,7686,4599,6162,0,0,10122,639,4708,5301,37,99,11,605,1122,73,981,0,0,1031,17,440,578,0,4,3,23
2014,MN,8377,3034,983,4360,3956,4410,11,0,7797,580,2966,3917,153,714,38,589,317,19,297,1,0,298,19,195,90,4,14,2,12
2014,MO,7282,1910,594,4778,3226,3949,11,0,6882,304,3896,2888,23,42,16,321,652,59,574,0,0,615,17,354,245,1,9,2,21
2014,MP,0,0,0,0,0,0,0,0,0,0,0,0,0,0,0,0,0,0,0,0,0,0,0,0,0,0,0,0,0
2014,MS,2226,355,184,1687,782,1437,7,0,2180,46,840,1323,12,19,4,28,279,22,257,0,0,275,4,111,165,0,1,0,2
2014,MT,1745,354,232,1159,824,921,0,0,1676,69,1379,22,3,327,14,0,256,15,241,0,0,252,4,223,8,0,23,2,0
2014,NC,11491,2548,1028,7915,4520,6915,3,0,11002,436,4727,6240,43,89,23,316,1164,94,1063,1,0,1139,19,504,630,1,5,3,15
2014,ND,1258,217,129,912,428,830,0,0,1125,133,715,230,7,213,1,92,151,13,138,0,0,79,72,68,19,0,11,0,53
2014,NE,3026,765,311,1950,1181,1845,0,0,2650,376,2069,648,14,112,12,171,241,11,230,0,0,234,7,175,50,0,5,1,10
2014,NH,1376,329,139,908,560,803,1,0,1282,82,1242,58,4,9,0,51,171,17,152,1,0,169,1,158,10,0,1,0,1
2014,NJ,11671,3287,1198,7186,5185,6480,2,0,9264,2403,5051,6037,76,86,43,374,630,48,582,0,0,568,61,275,324,6,5,3,16
2014,NM,2746,750,243,1753,897,1421,0,0,1306,1012,1378,200,15,536,17,172,318,28,239,0,0,159,99,176,33,0,39,1,9
2014,NV,8582,1542,1206,5834,2854,5692,36,0,6844,1738,4183,2980,139,141,92,1047,1036,133,897,6,0,858,178,618,299,15,19,13,72
2014,NY,80590,28588,8608,43394,38134,42329,108,0,54566,26005,19012,58453,823,768,656,859,2542,331,2209,1,0,2079,462,956,1460,26,23,18,58
2014,OH,11823,2599,1236,7988,4497,7140,9,0,11144,502,5994,4979,16,54,19,584,1236,81,1093,0,0,1155,19,633,511,2,5,2,21
2014,OK,4191,749,420,3022,1699,2490,2,0,4048,143,2653,840,14,503,10,171,408,11,397,0,0,400,8,287,72,2,33,0,14
2014,OR,12164,2685,1174,8305,3739,4692,13,0,6934,1510,6523,564,63,346,173,775,1292,118,781,0,0,794,74,681,82,5,27,3,70
2014,PA,15333,4287,1775,9271,6614,8595,89,0,13709,1589,6215,8034,58,82,17,892,1411,109,1298,2,0,1337,71,716,627,3,7,4,51
2014,PR,4132,398,209,3525,457,945,4,0,26,1380,599,133,0,14,24,636,87,2,44,0,0,4,41,29,7,0,1,0,8
2014,RI,1190,251,99,840,462,727,1,0,932,258,786,280,6,11,6,101,108,7,101,0,0,101,7,77,24,0,1,0,6
2014,SC,5057,858,366,3833,2249,2787,21,0,4871,186,2111,2611,10,57,6,262,703,59,644,0,0,687,16,298,365,2,11,0,27
2014,SD,885,247,79,559,361,524,0,0,830,55,409,63,2,410,0,1,132,4,128,0,0,129,3,72,6,0,54,0,0
2014,TN,9415,1390,738,7287,3713,5698,4,0,9224,191,5711,3515,27,27,17,118,1142,145,996,1,0,1061,81,672,453,0,6,0,11
2014,TX,28495,5873,2143,20479,10511,17753,50,0,19627,8687,15610,10825,307,497,146,929,2718,501,2166,3,0,2189,473,1495,1030,17,52,4,64
2014,UT,3081,880,207,1994,1232,1845,4,0,2385,696,2518,253,39,156,35,80,317,15,302,0,0,294,23,279,23,1,11,1,2
2014,VA,7020,1750,599,4671,2829,4182,9,0,6362,658,2859,3639,100,34,8,380,620,83,537,0,0,603,17,256,347,1,4,0,12
2014,VI,448,14,16,418,35,50,0,0,70,15,8,76,0,0,0,1,32,2,1,0,0,0,1,0,1,0,0,0,0
2014,VT,1559,422,197,940,717,842,0,0,1507,52,1430,108,3,11,5,2,120,8,112,0,0,118,2,115,4,0,1,0,0
2014,WA,18442,4360,1752,12330,6796,8884,26,0,13242,2464,9623,2942,254,561,326,2000,1433,109,1229,4,0,1264,76,939,248,14,33,19,87
2014,WI,6055,1970,624,3461,2783,3266,6,0,5593,462,3325,2146,65,167,11,341,520,22,497,1,0,509,11,370,131,0,8,0,11
2014,WV,2013,298,182,1533,740,1272,1,0,1934,79,1532,336,9,24,3,109,333,22,311,0,0,318,15,226,93,1,2,1,10
2014,WY,757,182,71,504,294,462,1,0,655,102,548,41,2,108,0,58,116,6,110,0,0,105,11,96,7,0,8,0,5
2015,AK,1956,411,197,1348,773,1181,2,0,1862,94,745,144,18,883,62,104,180,12,168,0,0,172,8,101,19,1,54,1,4
2015,AL,3970,716,271,2983,1532,2427,11,0,3901,69,1813,2090,5,19,1,42,474,26,447,1,0,465,9,203,261,0,5,0,5
2015,AR,2560,417,243,1900,978,1582,0,0,2143,417,1543,903,7,32,29,46,456,104,352,0,0,365,91,295,143,0,12,4,2
2015,AS,0,0,0,0,0,0,0,0,0,0,0,0,0,0,0,0,0,0,0,0,0,0,0,0,0,0,0,0,0
2015,AZ,9896,2124,824,6948,3966,5916,14,0,7516,2380,6697,1761,57,849,57,475,1220,162,1056,2,0,809,411,907,154,10,107,5,37
2015,CA,115738,13657,11645,90436,38676,76545,517,0,84183,31555,64340,32262,2146,4762,1225,11003,11311,1071,10192,48,0,9602,1709,6340,3135,129,442,104,1161
2015,CO,9953,2528,808,6617,3923,6012,18,0,7006,2947,6638,1948,90,477,34,766,950,77,866,7,0,811,139,704,133,7,63,2,41
2015,CT,4047,827,234,2986,1505,2535,7,0,2923,1124,2164,1570,38,50,124,101,282,23,258,1,0,245,37,154,116,4,2,4,2
2015,DC,7298,2056,736,4506,3087,4198,13,0,6914,384,443,6595,62,28,12,158,408,43,365,0,0,390,18,62,332,4,6,1,3
2015,DE,953,227,81,645,400,553,0,0,899,54,369,513,3,11,3,54,79,5,74,0,0,75,4,33,44,0,0,0,2
2015,FL,35900,6539,2451,26910,12719,23122,59,0,30912,4988,20921,13165,122,376,112,1204,3926,288,3636,2,0,3664,262,2550,1222,10,49,9,86
2015,GA,13790,2500,812,10478,4878,8882,30,0,13089,701,4307,8955,40,30,51,407,1548,154,1394,0,0,1505,43,512,976,3,2,5,50
2015,GU,1280,520,123,637,609,671,0,0,1274,6,11,4,46,1,1191,27,23,0,23,0,0,23,0,5,1,0,0,16,1
2015,HI,7620,1918,531,5171,3174,4426,20,0,6679,941,1852,263,477,95,2978,1955,692,74,617,1,0,621,71,300,64,63,20,124,121
2015,IA,3081,1030,318,1733,1409,1668,4,0,2833,248,1972,803,16,68,17,205,207,26,180,1,0,200,7,158,42,1,3,1,2
2015,ID,1966,484,160,1322,840,1123,3,0,1729,237,1733,69,11,109,16,28,249,24,225,0,0,239,10,231,7,2,7,1,1
2015,IL,13177,3187,1349,8641,5291,7866,20,0,11378,1799,4690,7798,100,53,20,516,1226,60,1166,0,0,809,417,482,714,0,6,1,23
2015,IN,5863,1261,492,4110,2359,3497,7,0,5647,216,3496,2085,17,44,16,205,790,41,747,2,0,769,21,479,277,4,9,3,18
2015,KS,2588,705,175,1708,1132,1453,3,0,2320,268,1664,639,12,108,8,157,311,27,284,0,0,290,21,210,81,0,8,0,12
2015,KY,4538,861,352,3325,1706,2823,9,0,4403,135,3088,1193,7,38,15,197,591,31,558,2,0,579,12,383,182,2,4,2,18
2015,LA,4081,581,443,3057,1373,2694,14,0,3982,99,1536,2395,21,50,14,65,392,31,361,0,0,387,5,177,200,3,4,1,7
2015,MA,21135,8583,2047,10505,10602,10528,5,0,13720,7415,11922,7175,206,100,144,1588,1133,58,1074,1,0,1021,112,877,192,6,7,9,42
2015,MD,8390,1908,664,5818,3245,5139,6,0,7887,503,3016,4920,58,53,36,307,714,39,675,0,0,705,9,280,413,3,6,4,8
2015,ME,2372,637,245,1490,1145,1218,9,0,2297,75,2036,213,6,25,8,84,151,10,140,1,0,149,2,129,14,0,2,0,6
2015,MI,10516,2686,1224,6606,4309,6203,4,0,9986,530,4612,5343,29,79,22,431,1067,65,1001,1,0,1048,19,462,560,1,5,4,35
2015,MN,7546,2607,993,3946,3693,3826,27,0,6937,609,2641,3466,117,663,29,630,297,31,266,0,0,278,19,192,73,1,17,2,12
2015,MO,6482,1903,678,3901,3051,3430,1,0,6229,253,3550,2565,21,41,26,279,540,38,502,0,0,525,15,350,167,2,6,1,14
2015,MP,0,0,0,0,0,0,0,0,0,0,0,0,0,0,0,0,0,0,0,0,0,0,0,0,0,0,0,0,0
2015,MS,1983,340,105,1538,761,1222,0,0,1962,21,577,1372,2,10,14,8,206,14,192,0,0,206,0,88,116,0,1,1,0
2015,MT,1709,374,225,1110,711,996,2,0,1579,130,1281,38,0,321,5,64,277,25,252,0,0,268,9,241,5,0,21,1,9
2015,NC,10685,2295,841,7549,4185,6487,13,0,10147,538,4494,5711,57,173,17,233,1092,79,1013,0,0,1077,15,464,610,1,5,0,12
2015,ND,1305,265,152,888,456,843,6,0,1215,90,774,232,16,184,5,94,137,3,134,0,0,133,4,100,15,1,15,0,6
2015,NE,2744,635,292,1817,1012,1722,10,0,2347,397,1831,586,25,119,16,167,247,9,237,1,0,236,11,182,55,3,5,0,2
2015,NH,1445,382,142,921,616,826,3,0,1325,120,1312,64,6,2,1,60,138,9,129,0,0,134,4,125,7,0,1,0,5
2015,NJ,10098,2404,1074,6620,4156,5930,12,0,8279,1819,4336,5562,97,23,34,46,696,49,647,0,0,632,64,314,377,4,1,0,0
2015,NM,2629,701,205,1723,1086,1537,6,0,1517,1112,1728,213,12,587,17,72,278,16,262,0,0,208,70,212,23,1,30,1,11
2015,NV,8743,1395,1573,5775,2837,5901,5,0,7329,1414,4605,3213,235,187,73,430,860,101,757,2,0,777,83,526,254,17,17,8,38
2015,NY,88250,31005,8944,48301,41697,46412,141,0,60227,28023,21705,60103,879,822,1368,3373,2399,214,2182,3,0,1901,498,857,1468,12,24,7,31
2015,OH,11182,2241,1082,7859,4349,6817,16,0,10799,383,5532,5084,35,59,18,454,1183,50,1132,1,0,1163,20,633,520,1,4,2,23
2015,OK,3777,691,467,2619,1535,2237,5,0,3528,249,2458,732,7,411,11,158,351,26,325,0,0,338,13,237,63,1,28,4,18
2015,OR,13226,2545,1228,9453,5197,7977,52,0,11681,1545,10704,847,133,599,164,779,1464,153,1306,5,0,1410,54,1226,102,8,54,16,58
2015,PA,15421,4312,1592,9517,6844,8553,24,0,13301,2120,6486,8202,77,77,32,547,1375,174,1200,1,0,1306,69,709,606,8,6,1,45
2015,PR,4518,363,248,3907,1237,3266,15,0,151,4367,1894,717,1,50,17,1839,164,33,131,0,0,9,155,87,20,0,3,1,53
2015,RI,1111,252,89,770,418,691,2,0,831,280,765,287,4,7,2,46,107,4,103,0,0,105,2,81,23,0,1,0,2
2015,SC,5354,782,301,4271,1970,3384,0,0,5216,138,2253,2926,11,43,19,102,681,75,606,0,0,655,26,247,415,0,2,0,17
2015,SD,1036,266,139,631,373,662,1,0,1020,16,403,87,3,524,3,16,177,10,167,0,0,177,0,113,17,0,44,2,1
2015,TN,9123,1625,836,6662,3636,5467,20,0,8931,192,5370,3488,22,66,24,153,945,60,885,0,0,935,10,517,409,2,3,1,13
2015,TX,23678,4529,1712,17437,9038,14575,65,0,16750,6928,13713,8603,145,424,104,689,2393,449,1941,3,0,2005,388,1345,899,14,58,8,69
2015,UT,3025,764,199,2062,1176,1842,7,0,2365,660,2359,311,35,128,74,118,337,17,320,0,0,303,34,292,26,4,9,2,4
2015,VA,7001,1769,576,4656,2803,4191,7,0,6517,484,2703,3761,110,62,17,348,604,83,521,0,0,575,29,234,346,0,7,1,16
2015,VI,337,19,14,304,82,255,0,0,308,29,42,260,2,8,0,25,34,1,33,0,0,32,2,6,26,0,1,0,1
2015,VT,1523,356,180,987,668,853,2,0,1476,47,1363,134,3,5,3,15,119,5,114,0,0,115,4,107,10,0,2,0,0
2015,WA,19419,4162,1881,13376,7457,11896,66,0,16681,2738,11860,4095,369,871,491,1733,1293,91,1197,5,0,1210,83,893,260,18,51,8,63
2015,WI,6057,1987,550,3520,2748,3304,5,0,5544,513,3276,2153,55,224,44,305,534,36,498,0,0,520,14,369,142,0,9,0,14
2015,WV,1835,268,171,1396,626,1208,1,0,1796,39,1495,289,1,9,3,38,305,28,276,1,0,298,7,229,68,0,1,0,7
2015,WY,798,187,59,552,295,503,0,0,669,129,628,30,0,97,1,42,112,4,108,0,0,103,9,91,3,0,12,1,5
2016,AK,1940,274,173,1493,808,1127,5,0,1797,143,739,147,44,786,53,171,168,12,156,0,0,165,3,77,20,0,61,0,10
2016,AL,4111,681,304,3126,1733,2366,12,0,4027,84,1714,2251,4,49,8,85,373,18,355,0,0,371,2,177,187,0,3,1,5
2016,AR,2463,432,197,1834,1047,1415,1,0,2377,86,1451,894,10,21,8,79,222,19,202,1,0,218,4,126,87,0,5,3,1
2016,AS,0,0,0,0,0,0,0,0,0,0,0,0,0,0,0,0,0,0,0,0,0,0,0,0,0,0,0,0,0
2016,AZ,9707,2022,733,6952,3685,6005,17,0,7342,2365,6562,1792,53,809,67,424,1036,81,950,5,0,909,127,773,158,4,64,3,34
2016,CA,118142,12828,12160,93154,39175,78121,846,0,85437,32705,67669,32434,1836,4179,1284,10740,9612,807,8673,132,0,7971,1641,5727,2572,103,347,78,785
2016,CO,10550,2327,983,7240,4103,6393,54,0,7603,2947,7239,1882,78,527,61,763,1181,124,1056,1,0,1021,160,869,217,4,45,6,40
2016,CT,3902,831,203,2868,1458,2440,4,0,2796,1106,2095,1535,32,54,73,113,216,16,199,1,0,184,32,115,93,1,3,2,2
2016,DC,8350,2732,920,4698,3802,4512,36,0,7916,434,439,7689,35,38,16,133,350,50,300,0,0,343,7,48,294,2,5,1,0
2016,DE,1070,196,69,805,411,658,1,0,1011,59,406,617,1,1,3,42,107,5,102,0,0,105,2,38,65,0,0,2,2
2016,FL,33559,6140,2238,25181,11789,21740,30,0,28855,4704,19369,12594,116,294,73,1113,2902,207,2686,9,0,2705,197,1845,950,3,31,5,68
2016,GA,12909,2237,907,9765,4507,8376,26,0,12266,643,3822,8571,54,64,51,347,1055,121,934,0,0,1030,25,358,655,1,5,0,36
2016,GU,1085,470,103,512,529,555,1,0,1061,24,11,4,17,0,1033,20,21,0,21,0,0,18,3,3,3,0,0,15,0
2016,HI,7921,1941,531,5449,3243,4641,37,0,6989,932,1820,269,396,114,3374,1948,670,55,613,2,0,602,68,271,62,43,16,137,141
2016,IA,3064,1013,285,1766,1403,1659,2,0,2766,298,1869,898,18,73,5,201,170,14,156,0,0,164,6,125,34,2,5,1,3
2016,ID,2247,578,195,1474,966,1278,3,0,1976,271,1928,76,9,133,23,78,267,16,250,1,0,255,12,239,9,0,13,2,4
2016,IL,11590,2892,1130,7568,4746,6813,31,0,10341,1249,4214,6858,123,54,18,323,949,67,882,0,0,898,51,350,581,0,7,1,10
2016,IN,5798,1319,448,4031,2414,3375,9,0,5577,221,3587,1911,24,41,17,218,663,44,619,0,0,648,15,415,226,5,4,3,10
2016,KS,2255,639,115,1501,992,1262,1,0,2019,236,1505,513,18,65,2,152,169,32,137,0,0,151,18,110,49,1,5,1,3
2016,KY,4237,787,330,3120,1575,2656,6,0,4068,169,2895,1103,3,30,18,188,512,35,477,0,0,501,11,346,159,0,1,0,6
2016,LA,3994,608,405,2981,1337,2648,9,0,3813,181,1482,2319,12,30,10,141,400,18,381,1,0,392,8,173,209,0,1,1,16
2016,MA,19608,7764,1492,10352,9446,10145,17,0,12660,6948,11029,6154,129,80,83,2133,949,67,877,5,0,871,78,733,141,1,7,6,61
2016,MD,7689,1705,463,5521,2922,4760,7,0,6970,719,2688,4620,34,55,19,273,555,28,526,1,0,540,15,202,341,0,2,1,9
2016,ME,2241,580,201,1460,1007,1231,3,0,2171,70,1872,237,9,42,5,76,146,12,133,1,0,145,1,129,9,1,1,0,6
2016,MI,9316,2381,956,5979,3854,5446,16,0,8792,524,4112,4637,31,89,33,414,822,44,778,0,0,803,19,365,426,0,5,2,24
2016,MN,7341,2563,934,3844,3481,3841,19,0,6663,678,2780,3306,82,709,72,392,279,17,261,1,0,270,9,162,90,4,15,3,5
2016,MO,6194,1676,614,3904,2864,3324,6,0,5932,262,3457,2312,23,108,18,276,575,46,529,0,0,560,15,315,241,1,10,1,7
2016,MP,0,0,0,0,0,0,0,0,0,0,0,0,0,0,0,0,0,0,0,0,0,0,0,0,0,0,0,0,0
2016,MS,1738,266,114,1358,712,1014,12,0,1718,20,647,1054,7,22,3,5,144,11,133,0,0,139,5,70,70,0,3,1,0
2016,MT,1418,350,123,945,599,818,1,0,1306,112,877,25,1,366,6,143,165,16,149,0,0,158,7,127,2,0,23,0,13
2016,NC,9559,1994,650,6915,3774,5773,12,0,9127,432,3974,5072,31,145,15,322,888,78,808,2,0,879,9,430,416,2,14,2,24
2016,ND,923,154,86,683,331,590,2,0,844,79,510,129,5,218,1,60,116,8,108,0,0,115,1,71,7,1,37,0,0
2016,NE,2754,590,258,1906,980,1771,3,0,2392,362,1858,570,11,67,6,242,219,4,215,0,0,212,7,162,43,1,3,0,10
2016,NH,1366,321,139,906,601,762,3,0,1247,119,1183,94,2,3,2,82,123,6,117,0,0,120,3,114,7,0,0,0,2
2016,NJ,8895,2086,850,5959,3738,5148,9,0,7099,1796,3835,4682,56,79,53,190,556,36,520,0,0,505,51,243,294,6,5,0,8
2016,NM,2263,529,210,1524,848,1404,11,0,1386,877,1273,181,18,576,16,199,214,15,198,1,0,177,37,148,22,1,33,1,9
2016,NV,7398,639,1424,5335,1851,5541,6,0,6448,950,4329,2196,189,167,132,385,851,105,746,0,0,767,84,534,238,15,19,13,32
2016,NY,86352,30122,8816,47414,41147,44980,225,0,47224,39128,19365,55779,945,659,1208,8396,1248,93,1154,1,0,1079,169,583,628,6,9,5,17
2016,OH,10404,2229,944,7231,4046,6337,21,0,10071,333,5176,4632,38,50,9,499,930,56,872,2,0,915,15,499,400,3,10,1,17
2016,OK,4107,764,427,2916,1615,2490,2,0,3893,214,2504,880,25,539,7,152,358,27,331,0,0,345,13,233,80,0,36,0,9
2016,OR,13238,2566,1188,9484,5286,7893,59,0,11820,1418,10733,839,85,559,146,876,1341,144,1191,6,0,1268,73,1122,84,2,62,14,57
2016,PA,15339,4342,1488,9509,6593,8708,38,0,13662,1677,6647,7899,63,61,27,642,1136,85,1051,0,0,1093,43,650,453,6,4,0,23
2016,PR,4418,377,228,3813,1227,3178,13,0,118,4300,1909,738,4,51,14,1702,146,8,138,0,0,9,137,76,20,1,3,0,46
2016,RI,1160,195,89,876,421,738,1,0,924,236,767,291,15,17,3,67,89,3,86,0,0,80,9,66,17,0,0,0,6
2016,SC,5051,820,325,3906,1791,3257,3,0,4924,127,2159,2626,21,28,17,200,738,82,656,0,0,729,9,319,394,1,3,1,20
2016,SD,1072,329,128,615,456,616,0,0,1026,46,322,72,2,624,5,47,120,10,110,0,0,116,4,52,11,0,52,0,5
2016,TN,8779,1298,543,6938,3060,5700,19,0,8541,238,5140,3363,23,47,15,191,831,176,653,2,0,825,6,419,394,1,0,1,16
2016,TX,23122,4615,1596,16911,9334,13739,49,0,17180,5942,12795,8143,233,843,79,1029,1768,166,1601,1,0,1577,191,955,722,10,17,5,59
2016,UT,2807,638,179,1990,1043,1757,7,0,2223,584,2239,242,29,147,32,118,335,21,312,2,0,308,27,287,26,3,10,1,8
2016,VA,6268,1432,478,4358,2561,3700,7,0,5707,561,2545,3337,84,37,11,254,515,56,459,0,0,506,9,225,265,0,3,1,21
2016,VI,341,22,8,311,80,261,0,0,304,37,51,257,1,6,1,25,32,1,31,0,0,31,1,5,26,0,0,0,1
2016,VT,1117,263,125,729,474,640,3,0,1040,77,968,88,6,12,0,43,110,5,105,0,0,108,2,100,6,0,2,0,2
2016,WA,20827,4038,1767,15022,7992,12781,54,0,17864,2963,12298,4069,470,1123,485,2382,1484,133,1341,10,0,1389,95,913,349,18,61,10,133
2016,WI,5685,1809,558,3318,2592,3083,10,0,5211,474,3030,2041,45,204,13,352,415,19,396,0,0,400,15,299,97,0,7,0,12
2016,WV,1387,220,110,1057,481,906,0,0,1369,18,1112,216,1,6,1,51,143,7,136,0,0,141,2,105,31,0,1,0,6
2016,WY,857,195,61,601,338,518,1,0,736,121,660,39,2,128,0,28,87,2,85,0,0,82,5,67,7,0,9,0,4
2017,AK,1845,305,186,1354,765,1075,4,1,1743,102,641,147,20,770,69,198,124,6,118,0,0,119,5,55,11,0,47,1,10
2017,AL,3793,528,300,2965,1314,2453,21,5,3721,72,1587,2064,9,21,1,111,269,18,250,0,1,264,5,128,138,0,1,0,2
2017,AR,2467,265,209,1993,965,1499,3,0,2405,62,1447,892,9,24,7,88,239,37,202,0,0,235,4,134,91,2,3,0,9
2017,AS,0,0,0,0,0,0,0,0,0,0,0,0,0,0,0,0,0,0,0,0,0,0,0,0,0,0,0,0,0
2017,AZ,8947,1607,660,6680,3331,5592,22,2,6876,2071,6086,1611,51,704,46,449,970,87,880,2,1,862,108,716,152,6,51,4,41
2017,CA,131532,14207,13276,104049,42750,87609,793,380,90040,41492,68784,42282,2490,5663,1459,10854,11436,1077,10279,47,33,9522,1914,6257,3453,212,562,134,818
2017,CO,10940,2164,913,7863,4014,6866,37,23,8142,2798,7778,1788,51,546,45,732,1078,96,974,3,5,944,134,767,206,3,54,3,45
2017,CT,3388,736,259,2393,1313,2054,8,13,2415,973,1752,1343,34,22,43,194,191,15,176,0,0,170,21,103,79,3,2,1,3
2017,DC,7473,2286,682,4505,3226,4209,36,2,6979,494,481,6712,40,25,21,194,285,25,258,2,0,277,8,33,239,0,3,3,7
2017,DE,994,240,69,685,431,562,1,0,912,82,398,544,4,1,5,42,91,9,82,0,0,90,1,44,44,1,0,0,2
2017,FL,32190,5624,2599,23967,11311,20721,78,80,27442,4748,18593,11954,122,278,109,1134,2817,252,2563,1,1,2593,224,1871,851,5,26,5,59
2017,GA,10174,1646,697,7831,3878,6239,53,4,9752,422,2805,6902,37,73,19,338,712,137,574,1,0,690,22,208,470,2,4,1,27
2017,GU,852,350,84,418,409,442,1,0,813,39,15,3,39,0,762,33,24,5,19,0,0,18,6,2,2,1,0,16,3
2017,HI,7220,1575,497,5148,2951,4241,23,5,6255,965,1594,255,656,106,2901,1708,615,57,556,2,0,548,67,239,71,73,10,125,97
2017,IA,2756,829,240,1687,1186,1565,4,1,2551,205,1654,795,19,74,13,201,171,16,154,1,0,164,7,126,31,1,5,1,7
2017,ID,2037,443,153,1441,809,1221,6,1,1769,268,1795,75,17,60,15,75,228,16,211,1,0,218,10,203,4,2,8,3,8
2017,IL,10798,2455,1106,7237,4391,6372,31,4,9739,1059,3916,6375,78,68,20,341,864,48,816,0,0,827,37,302,535,2,5,1,19
2017,IN,5438,1177,355,3906,2204,3226,8,0,5205,233,3283,1877,30,44,20,184,615,35,579,1,0,598,17,368,228,0,4,1,14
2017,KS,2287,553,138,1596,937,1346,1,3,1953,334,1514,489,13,104,11,156,217,13,204,0,0,205,12,165,38,1,4,1,8
2017,KY,4025,616,331,3078,1509,2507,9,0,3917,108,2829,1009,18,18,2,149,489,25,464,0,0,475,14,315,165,3,0,0,6
2017,LA,3305,527,238,2540,1054,2233,14,4,3203,102,1267,1921,12,28,11,66,383,8,374,1,0,378,5,171,203,0,2,2,5
2017,MA,17565,6465,1510,9590,8558,8975,26,6,11034,6531,10006,5830,173,82,80,1394,853,66,781,4,2,766,87,639,174,4,7,5,24
2017,MD,7247,1370,422,5455,2727,4505,12,3,6842,405,2479,4341,40,54,22,311,536,33,502,1,0,515,21,188,336,0,5,0,7
2017,ME,2280,590,191,1499,1038,1226,12,4,2192,88,1853,284,11,38,10,84,131,8,121,2,0,127,4,111,12,0,3,0,5
2017,MI,9051,2340,782,5929,3723,5314,13,1,8554,497,3826,4693,22,112,5,393,773,34,738,1,0,749,24,298,438,1,10,0,26
2017,MN,7668,2590,1103,3975,3617,4029,17,5,7104,564,2685,3296,110,1018,16,543,281,21,260,0,0,271,10,161,86,2,15,1,16
2017,MO,6037,1537,643,3857,2786,3226,18,7,5746,291,3063,2561,20,74,11,308,538,39,497,1,1,517,21,298,211,2,8,0,19
2017,MP,672,185,68,419,314,358,0,0,671,1,0,0,159,0,513,0,0,0,0,0,0,0,0,0,0,0,0,0,0
2017,MS,1472,252,60,1160,573,891,1,7,1461,11,611,811,4,29,0,17,57,7,50,0,0,57,0,30,26,0,1,0,0
2017,MT,1529,340,124,1065,624,898,4,3,1408,121,992,33,4,354,9,137,205,14,191,0,0,194,11,175,2,0,14,2,12
2017,NC,8962,1883,571,6508,3567,5380,9,6,8444,518,3745,4553,37,190,17,420,931,62,869,0,0,907,24,396,480,3,15,0,37
2017,ND,1089,178,84,827,272,811,2,4,1046,43,367,127,6,226,0,363,74,3,71,0,0,72,2,51,6,1,12,0,4
2017,NE,2501,501,225,1775,918,1580,3,0,2237,264,1664,579,20,122,4,112,174,5,168,1,0,170,4,137,27,2,6,0,2
2017,NH,1456,389,126,941,646,805,3,2,1320,136,1266,77,11,5,0,97,124,13,111,0,0,122,2,115,4,0,0,0,5
2017,NJ,8536,1945,761,5830,3442,5074,17,3,6750,1786,3526,4621,75,96,38,180,583,42,539,2,0,527,56,281,281,3,7,1,10
2017,NM,2482,471,130,1881,897,1545,19,21,1446,1036,1513,142,10,651,9,157,248,27,221,0,0,188,60,164,23,2,48,0,11
2017,NV,7833,608,1936,5289,2273,5536,23,1,6770,1063,4610,2326,182,225,75,415,832,111,719,2,0,756,76,524,229,20,16,9,34
2017,NY,89503,30098,9111,50294,42528,46643,321,11,60095,29408,19894,61463,1056,729,1191,5170,1244,90,1150,3,1,1069,175,542,651,5,9,2,35
2017,OH,10095,2234,858,7003,3998,6067,23,7,9720,375,4933,4562,26,49,23,502,862,45,815,2,0,841,21,462,370,0,7,5,18
2017,OK,4199,867,378,2954,1702,2485,10,2,3892,307,2594,767,8,577,17,236,349,32,316,1,0,338,11,234,59,0,44,1,11
2017,OR,13953,2636,1160,10157,5493,8368,67,25,12444,1509,11326,832,79,588,175,953,1251,120,1122,6,3,1169,82,1015,86,3,54,7,86
2017,PA,14138,3755,1260,9123,5999,8063,66,10,12696,1442,5864,7450,77,47,39,661,963,84,878,1,0,922,41,500,421,5,8,1,28
2017,PR,3525,218,199,3108,841,2676,5,3,77,3448,1612,633,2,17,11,1250,94,4,90,0,0,8,86,49,22,0,0,1,22
2017,RI,1180,236,78,866,430,743,7,0,917,263,762,309,8,16,3,82,95,1,94,0,0,89,6,74,19,0,1,0,1
2017,SC,3916,642,227,3047,1451,2453,10,2,3828,88,1532,2205,8,32,4,135,480,45,433,1,1,471,9,220,238,1,5,1,15
2017,SD,943,215,62,666,412,529,2,0,901,42,310,44,3,563,8,15,130,12,118,0,0,123,7,68,6,0,53,0,3
2017,TN,8309,1364,543,6402,3256,5043,7,3,8092,217,4775,3205,34,61,6,228,757,49,708,0,0,740,17,377,365,0,4,0,11
2017,TX,23548,4286,1750,17512,8861,14546,47,94,16942,6606,13076,8928,253,325,68,898,2200,411,1783,5,1,1759,441,1256,838,7,31,13,55
2017,UT,2852,637,203,2012,1083,1762,7,0,2210,642,2202,282,27,159,47,135,220,10,209,1,0,200,20,179,18,1,13,0,9
2017,VA,6067,1299,415,4353,2315,3738,9,5,5516,551,2417,3241,84,32,22,271,478,47,431,0,0,458,20,204,262,1,3,0,8
2017,VI,381,9,5,367,73,298,0,10,332,49,54,311,1,5,3,7,23,2,21,0,0,16,7,2,19,0,2,0,0
2017,VT,1225,306,142,777,561,657,5,2,1165,60,1093,79,7,6,2,38,94,6,88,0,0,92,2,88,4,0,1,1,0
2017,WA,21112,4109,2296,14707,8220,12631,154,107,18260,2852,12340,4167,321,1285,484,2515,2093,117,1940,34,2,1935,158,1317,420,28,106,23,199
2017,WI,5027,1546,431,3050,2267,2746,12,2,4635,392,2753,1643,69,195,13,354,329,17,311,1,0,316,13,222,86,1,4,1,15
2017,WV,1309,166,87,1056,462,846,1,0,1288,21,1062,214,2,5,3,23,137,9,128,0,0,136,1,108,25,0,1,0,3
2017,WY,873,129,59,685,300,570,3,0,767,106,651,43,2,145,8,24,63,3,60,0,0,59,4,53,5,1,3,0,1
2018,AK,2016,349,191,1476,880,1129,7,0,1914,102,683,156,39,878,76,184,132,11,121,0,0,129,3,61,13,1,50,1,6
2018,AL,3434,573,157,2704,1399,2025,9,1,3340,94,1664,1604,6,23,5,132,339,22,316,0,1,332,7,137,191,0,0,1,10
2018,AR,2712,309,213,2190,1113,1593,5,1,2632,80,1647,916,12,36,4,97,251,37,214,0,0,249,2,140,97,2,4,0,8
2018,AS,0,0,0,0,0,0,0,0,0,0,0,0,0,0,0,0,0,0,0,0,0,0,0,0,0,0,0,0,0
2018,AZ,9865,1680,780,7405,3460,6354,34,17,7590,2275,6494,1906,53,836,57,519,893,86,803,1,3,788,105,659,136,3,57,4,34
2018,CA,129972,13936,12678,103358,42491,85810,1252,419,88525,41447,72956,37770,2338,5391,1552,9965,10836,1020,9673,106,37,8844,1992,6192,3071,167,448,115,843
2018,CO,10857,1887,808,8162,3880,6926,28,23,8020,2837,7814,1566,77,487,94,819,1073,70,1001,1,1,934,139,793,166,6,36,11,61
2018,CT,3976,967,254,2755,1659,2310,7,0,2615,1361,2156,1482,17,92,16,213,190,15,174,1,0,164,26,112,71,1,2,0,4
2018,DC,6904,1933,639,4332,2960,3903,33,8,6577,327,478,6286,39,40,15,46,306,32,271,3,0,288,18,53,235,1,4,0,13
2018,DE,1082,227,78,777,490,591,0,1,1012,70,406,616,6,12,2,40,70,6,64,0,0,69,1,28,39,0,1,0,2
2018,FL,31030,5871,2371,22788,11092,19799,74,65,26694,4336,17743,11809,116,248,113,1001,2543,261,2275,7,0,2341,202,1643,794,5,22,11,68
2018,GA,9499,1673,610,7216,3742,5719,33,5,9200,299,2804,6281,22,73,25,294,705,74,631,0,0,691,14,200,470,1,6,2,26
2018,GU,854,361,76,417,399,455,0,0,804,50,11,8,20,1,788,26,14,0,14,0,0,11,3,1,3,1,0,9,0
2018,HI,6530,1366,370,4794,2673,3827,23,7,5558,972,1527,214,579,80,2250,1880,532,50,481,1,0,475,57,240,60,48,7,69,108
2018,IA,2749,684,282,1783,1136,1606,6,1,2511,238,1753,713,14,90,10,169,196,11,184,1,0,191,5,144,29,0,15,0,8
2018,ID,2012,438,157,1417,813,1197,2,0,1702,310,1675,57,7,103,22,148,215,21,194,0,0,209,6,193,4,1,8,5,4
2018,IL,10643,2505,958,7180,4376,6226,27,14,9468,1175,3854,6234,80,78,32,365,804,49,754,1,0,757,47,280,468,2,14,1,39
2018,IN,5258,981,332,3945,2138,3103,15,2,5026,232,3212,1839,30,34,16,127,539,39,497,3,0,522,17,300,218,2,6,0,13
2018,KS,2216,507,169,1540,856,1350,2,8,1963,253,1400,522,13,88,17,176,195,14,181,0,0,186,9,135,39,0,8,3,10
2018,KY,3688,616,248,2824,1402,2274,9,3,3546,142,2616,835,12,20,4,201,369,64,305,0,0,366,3,250,99,1,6,0,13
2018,LA,3059,371,219,2469,901,2142,12,4,2973,86,1233,1726,13,24,8,55,406,14,391,1,0,395,11,163,226,0,4,3,10
2018,MA,20068,7660,1674,10734,10001,10014,40,13,11936,8132,11813,6265,158,84,64,1684,985,71,912,2,0,900,85,748,195,3,11,4,24
2018,MD,7144,1399,397,5348,2643,4476,23,2,6756,388,2602,4166,41,51,24,260,574,30,544,0,0,557,17,208,347,1,7,0,11
2018,ME,2516,654,184,1678,1174,1329,9,4,2406,110,2041,293,8,35,0,139,119,16,103,0,0,117,2,96,8,1,3,0,11
2018,MI,8351,2173,749,5429,3498,4841,10,2,7877,474,3775,3980,27,102,14,453,693,32,660,1,0,675,18,326,341,1,3,1,21
2018,MN,7243,2254,890,4099,3278,3941,15,9,6695,548,2698,3141,114,699,49,542,301,33,265,2,1,290,11,179,88,2,19,3,10
2018,MO,5883,1402,599,3882,2584,3283,14,2,5618,265,3136,2331,14,85,14,303,507,38,466,3,0,477,30,300,178,0,12,2,15
2018,MP,1044,297,139,608,510,534,0,0,1044,0,3,9,387,0,637,8,0,0,0,0,0,0,0,0,0,0,0,0,0
2018,MS,1352,206,109,1037,502,829,20,1,1309,43,610,663,12,9,5,53,102,10,92,0,0,100,2,44,53,1,1,0,3
2018,MT,1405,247,151,1007,559,837,4,5,1305,100,956,38,2,238,8,163,198,7,191,0,0,194,4,164,5,2,8,3,16
2018,NC,9268,1762,647,6859,3516,5728,19,5,8791,477,3971,4801,41,122,31,302,884,68,814,2,0,855,29,383,460,5,9,2,25
2018,ND,542,61,61,420,218,323,1,0,445,97,344,76,2,74,12,34,9,0,9,0,0,9,0,9,0,0,0,0,0
2018,NE,2421,419,196,1806,936,1484,1,0,2111,310,1585,599,20,85,6,126,171,8,163,0,0,161,10,123,38,1,4,0,5
2018,NH,1450,362,125,963,624,823,1,2,1342,108,1232,91,18,5,2,102,143,13,130,0,0,139,4,133,7,2,0,0,1
2018,NJ,9398,2093,808,6497,3904,5466,24,4,7457,1941,3936,5021,86,71,59,225,555,42,510,3,0,510,45,262,282,1,4,1,5
2018,NM,2551,437,146,1968,895,1618,19,19,1464,1087,1495,200,14,690,13,139,290,30,260,0,0,205,85,179,36,3,59,1,12
2018,NV,7544,519,1235,5790,2257,5246,36,5,6684,860,4498,2284,160,182,108,312,723,64,656,3,0,665,58,461,207,10,19,6,20
2018,NY,91897,30009,8761,53127,43694,47850,341,12,60858,31039,21811,64622,1040,461,885,3078,1224,99,1124,1,0,1035,189,521,672,3,8,4,16
2018,OH,10249,2141,899,7209,4129,6090,22,8,9742,507,5092,4601,37,69,20,430,749,41,707,1,0,731,18,378,344,3,10,0,14
2018,OK,3871,637,327,2907,1399,2467,2,3,3606,265,2414,735,16,450,18,238,313,23,290,0,0,301,12,211,61,1,26,1,13
2018,OR,14476,2185,1165,11126,5659,8690,79,48,13008,1468,11799,793,78,688,188,930,1363,105,1243,11,4,1285,78,1101,94,6,73,10,79
2018,PA,13512,3472,1055,8985,5594,7870,36,12,11858,1654,5781,7016,87,73,48,507,982,74,906,1,1,948,34,532,413,3,12,3,19
2018,PR,3182,143,150,2889,679,2494,6,3,66,3116,1454,601,2,10,9,1106,82,7,75,0,0,8,74,41,17,0,0,0,24
2018,RI,1101,206,73,822,420,677,4,0,833,268,662,289,14,19,1,116,103,0,103,0,0,97,6,81,13,1,7,0,1
2018,SC,3933,510,281,3142,1432,2494,4,3,3792,141,1736,2016,11,33,7,130,415,27,388,0,0,409,6,178,225,1,3,1,7
2018,SD,1159,218,77,864,424,735,0,0,1074,85,327,79,2,658,0,93,110,6,104,0,0,103,7,37,6,0,35,0,32
2018,TN,7883,1108,533,6242,2822,5041,13,7,7624,259,4601,3007,19,58,12,186,742,79,661,1,1,736,6,394,319,1,11,1,16
2018,TX,25310,4101,1671,19538,9468,15761,48,33,18163,7147,14363,9664,181,315,60,727,1935,142,1790,3,0,1637,298,1091,755,11,28,4,46
2018,UT,2876,621,243,2012,1145,1711,16,4,2260,616,2209,277,28,143,72,147,239,13,226,0,0,218,21,185,28,2,14,2,8
2018,VA,5975,1284,416,4275,2339,3626,6,4,5482,493,2399,3113,79,47,17,320,485,63,422,0,0,474,11,213,246,0,4,0,22
2018,VI,486,33,4,449,147,329,0,10,439,47,55,417,1,5,1,7,24,2,22,0,0,20,4,2,21,0,1,0,0
2018,VT,1291,292,144,855,555,728,4,4,1234,57,1150,84,8,11,0,38,104,5,99,0,0,103,1,94,5,0,2,0,3
2018,WA,22304,3777,2327,16200,8475,13346,115,368,19068,3236,13688,4155,404,917,533,2607,1636,146,1453,13,24,1440,196,1069,282,15,67,22,181
2018,WI,4907,1407,356,3144,2178,2719,8,2,4550,357,2728,1570,37,236,7,329,332,16,315,1,0,324,8,222,89,2,7,0,12
2018,WV,1243,145,56,1042,439,802,2,0,1227,16,978,230,2,4,1,28,131,12,119,0,0,131,0,97,29,0,1,0,4
2018,WY,639,124,81,434,254,384,1,0,560,79,500,42,0,51,8,38,47,1,46,0,0,44,3,39,3,0,2,0,3
2019,AK,1907,335,204,1368,761,1137,6,3,1802,105,667,164,36,764,73,203,111,6,105,0,0,102,9,61,13,3,25,0,9
2019,AL,3261,629,199,2433,1383,1873,3,2,3161,100,1380,1741,7,55,9,69,292,23,268,1,0,285,7,123,155,0,6,0,8
2019,AR,2717,303,317,2097,1022,1688,4,3,2657,60,1651,902,4,36,24,100,238,24,212,1,1,237,1,140,91,0,0,0,7
2019,AS,0,0,0,0,0,0,0,0,0,0,0,0,0,0,0,0,0,0,0,0,0,0,0,0,0,0,0,0,0
2019,AZ,10007,1602,708,7697,3683,6297,16,11,7683,2324,6316,1908,48,919,59,757,910,72,834,2,2,822,88,669,154,6,43,7,31
2019,CA,151278,14305,12673,124300,50467,98404,1764,643,103759,47519,82164,44086,2606,6797,2177,13448,10980,1104,9719,111,46,8869,2111,6190,3139,150,493,125,883
2019,CO,9619,1458,685,7476,3238,6289,54,38,7410,2209,6251,1678,65,586,100,939,1068,85,975,7,1,933,135,745,171,9,55,11,77
2019,CT,3033,588,272,2173,1133,1895,4,1,2135,898,1561,1150,15,24,53,230,195,13,182,0,0,166,29,109,77,1,1,0,7
2019,DC,6521,1606,546,4369,2649,3823,40,9,6205,316,413,5829,32,42,19,186,297,39,256,0,2,288,9,36,246,1,1,0,13
2019,DE,921,220,83,618,373,546,1,1,838,83,372,478,2,4,10,55,65,2,63,0,0,61,4,33,23,0,2,0,7
2019,FL,28328,4703,1625,22000,9884,18357,67,20,24632,3696,15580,11575,108,233,92,740,2472,196,2270,6,0,2298,174,1558,830,5,33,5,41
2019,GA,10443,1679,642,8122,3765,6610,57,11,9900,543,3175,6804,62,70,17,315,801,96,701,1,3,778,23,228,536,1,9,1,26
2019,GU,875,334,95,446,427,448,0,0,825,50,13,5,31,3,791,32,23,1,22,0,0,17,6,2,1,0,2,15,3
2019,HI,6412,1177,323,4912,2591,3778,37,6,5557,855,1445,237,562,42,2013,2113,505,53,448,3,1,454,51,185,54,54,8,78,126
2019,IA,2315,495,187,1633,917,1395,2,1,2118,197,1531,566,20,91,8,99,149,8,141,0,0,144,5,119,25,1,1,1,2
2019,ID,2315,473,220,1622,920,1392,0,3,2058,257,1903,73,12,165,33,129,201,22,178,0,1,188,13,183,8,0,7,1,2
2019,IL,10199,2355,926,6918,4241,5914,31,13,9167,1032,3579,6218,90,67,21,224,690,39,648,3,0,604,86,274,399,5,6,1,5
2019,IN,5471,1092,327,4052,2205,3246,15,5,5227,244,3289,1932,25,44,18,163,572,48,524,0,0,554,18,330,222,2,6,0,12
2019,KS,2381,383,150,1848,932,1445,1,3,2135,246,1518,526,18,116,24,179,189,23,166,0,0,178,11,145,27,1,4,1,11
2019,KY,4079,629,308,3142,1584,2492,3,0,3932,147,2867,959,11,23,5,214,447,26,421,0,0,434,13,298,138,1,0,0,10
2019,LA,2941,375,182,2384,867,2058,9,7,2860,81,1137,1706,7,34,7,50,360,11,348,1,0,350,10,153,192,1,2,2,10
2019,MA,18471,7357,1540,9574,9118,9311,28,14,11091,7380,9679,6436,164,125,91,1976,917,68,847,1,1,823,94,629,206,21,29,4,28
2019,MD,6561,1214,399,4948,2490,4047,22,2,6292,269,2385,3778,46,45,26,281,490,35,455,0,0,479,11,187,296,1,0,1,5
2019,ME,2106,541,147,1418,995,1094,13,4,2006,100,1581,375,9,43,6,92,116,12,104,0,0,113,3,95,8,1,2,0,10
2019,MI,8575,2231,712,5632,3532,5026,13,4,7989,586,3740,4286,41,95,13,400,599,28,569,1,1,583,16,263,305,2,4,0,25
2019,MN,7977,2157,900,4920,3554,4385,29,9,7396,581,2785,3453,109,940,57,633,297,20,277,0,0,288,9,173,92,3,19,4,6
2019,MO,6179,1359,545,4275,2696,3451,20,12,5872,307,3164,2568,29,74,25,319,488,31,456,1,0,446,42,279,182,1,10,1,15
2019,MP,1807,586,191,1030,837,970,0,0,1807,0,1,1,494,0,1281,30,4,2,2,0,0,4,0,0,0,0,0,4,0
2019,MS,1184,152,55,977,417,752,0,15,1156,28,561,574,6,6,1,36,72,3,69,0,0,70,2,33,39,0,0,0,0
2019,MT,1357,250,111,996,555,793,4,5,1211,146,905,36,8,234,12,162,205,17,188,0,0,191,14,148,4,0,22,4,27
2019,NC,9314,1553,532,7229,3576,5716,12,10,8903,411,3992,4832,31,94,19,346,907,60,846,1,0,898,9,397,469,0,6,1,34
2019,ND,557,127,74,356,178,378,1,0,475,82,322,90,1,101,7,36,49,0,49,0,0,48,1,42,2,0,5,0,0
2019,NE,2365,423,185,1757,866,1494,4,1,2104,261,1580,546,13,73,4,149,175,13,162,0,0,169,6,138,28,2,4,0,3
2019,NH,1396,352,117,927,626,758,3,9,1231,165,1172,100,9,5,6,104,113,11,102,0,0,107,6,104,6,1,1,0,1
2019,NJ,8862,1831,714,6317,3579,5264,17,2,7071,1791,3545,4913,65,77,51,211,551,35,516,0,0,501,50,250,289,2,4,0,6
2019,NM,3241,515,217,2509,1278,1930,19,14,1879,1362,1842,192,17,842,27,321,257,20,234,1,2,183,74,143,27,1,73,0,13
2019,NV,7169,656,1025,5488,2095,5042,31,1,6221,948,4297,2210,144,185,59,274,674,62,611,1,0,605,69,398,234,8,12,8,14
2019,NY,92091,28985,8444,54662,42980,48685,401,25,61457,30634,20931,64450,1133,370,949,4258,1270,110,1156,4,0,1062,208,521,693,6,9,11,30
2019,OH,10345,2135,853,7357,4131,6185,26,3,9956,389,5180,4606,26,42,16,475,676,27,646,3,0,661,15,366,283,2,5,1,19
2019,OK,3944,549,327,3068,1351,2578,7,8,3670,274,2428,752,15,482,19,248,280,20,259,1,0,272,8,177,58,0,28,0,17
2019,OR,15876,2645,1116,12115,6187,9551,77,61,14309,1567,12839,896,82,777,195,1087,1438,114,1313,8,3,1332,106,1142,117,2,71,22,84
2019,PA,13199,3020,1079,9100,5373,7776,32,18,11647,1552,5711,6851,55,53,50,479,857,61,795,1,0,797,60,433,390,1,10,0,23
2019,PR,2535,110,85,2340,533,1990,11,1,58,2477,1080,462,4,19,4,966,90,8,82,0,0,5,85,36,22,1,0,1,30
2019,RI,1055,197,39,819,358,690,7,0,799,256,655,309,8,17,4,62,92,4,88,0,0,87,5,71,17,0,2,0,2
2019,SC,4172,520,263,3389,1520,2647,2,3,4052,120,1793,2160,14,36,10,159,462,39,423,0,0,454,8,186,254,2,3,2,15
2019,SD,995,188,72,735,389,605,1,0,945,50,285,75,3,609,0,23,66,3,63,0,0,64,2,32,3,0,26,0,5
2019,TN,7467,1170,421,5876,2823,4632,10,2,7265,202,4268,2886,22,56,16,219,679,41,637,1,0,677,2,362,297,2,7,0,11
2019,TX,25848,4249,1523,20076,9404,16361,66,17,18884,6964,14984,9622,202,245,77,718,1806,233,1566,5,2,1572,234,993,734,7,33,2,37
2019,UT,2798,565,190,2043,1108,1673,12,5,2190,608,2159,276,41,131,77,114,211,9,201,1,0,182,29,169,21,3,8,4,6
2019,VA,5783,1346,367,4070,2318,3452,9,4,5313,470,2208,3100,97,41,11,326,447,57,389,1,0,429,18,177,244,0,6,1,19
2019,VI,314,0,6,308,73,236,0,5,270,44,46,228,0,6,0,34,13,3,10,0,0,12,1,3,10,0,0,0,0
2019,VT,1089,251,136,702,461,616,9,3,1047,42,925,85,19,8,1,51,87,6,81,0,0,86,1,77,4,0,1,0,5
2019,WA,21577,3557,2123,15897,8820,12190,246,321,18506,3071,12590,4436,510,1751,635,1655,1585,229,1288,53,15,1359,226,985,265,48,120,37,130
2019,WI,4538,1303,286,2949,1947,2578,9,4,4124,414,2545,1393,42,234,4,320,359,12,347,0,0,346,13,257,81,1,6,0,14
2019,WV,1397,153,94,1150,529,868,0,0,1362,35,1161,190,8,6,2,30,137,7,130,0,0,131,6,106,27,0,1,0,3
2019,WY,548,81,69,398,172,376,0,0,481,67,456,31,0,29,3,29,51,1,50,0,0,50,1,37,7,0,4,1,2
2020,AK,1949,326,197,1426,828,1114,3,4,1823,126,634,137,22,890,40,226,94,9,85,0,0,86,8,50,11,1,23,0,9
2020,AL,3351,528,198,2625,1294,1988,9,4,3214,126,1462,1755,2,37,11,73,329,22,307,0,0,324,5,152,166,0,1,2,8
2020,AR,2366,195,258,1913,798,1561,5,2,2313,53,1353,901,4,42,21,45,188,12,175,1,0,185,3,72,110,0,4,2,0
2020,AS,0,0,0,0,0,0,0,0,0,0,0,0,0,0,0,0,0,0,0,0,0,0,0,0,0,0,0,0,0
2020,AZ,10979,1722,824,8433,4228,6694,43,14,8624,2355,6901,2289,77,1027,60,625,921,79,838,4,0,826,95,641,171,8,44,7,50
2020,CA,161548,16141,13391,132016,53505,105737,1601,705,109582,51966,87439,49610,3240,6386,1784,13089,11401,1062,10200,94,45,9345,2056,6494,3157,186,433,131,1000
2020,CO,9846,1364,734,7748,3198,6562,53,33,7565,2281,6411,1808,51,527,136,913,1044,99,939,2,4,908,136,712,185,6,46,16,79
2020,CT,2905,585,208,2112,1107,1785,6,7,2058,847,1519,1065,16,34,10,261,199,14,185,0,0,177,22,116,75,1,4,0,3
2020,DC,6380,1432,548,4400,2577,3746,48,9,5823,557,506,5618,38,26,20,172,302,35,265,1,1,255,47,38,255,1,2,0,6
2020,DE,1165,266,71,828,463,701,0,1,1064,101,412,678,3,7,1,64,78,10,68,0,0,74,4,36,39,0,2,0,1
2020,FL,27487,4637,1588,21262,9743,17670,52,22,23442,4045,15102,11042,128,328,73,814,2436,189,2241,5,1,2272,164,1550,791,13,32,6,44
2020,GA,10234,1667,530,8037,3743,6340,44,107,9714,520,3031,6708,92,64,21,318,764,89,672,1,2,730,34,241,501,0,8,0,14
2020,GU,790,291,81,418,357,431,2,0,771,19,21,3,14,1,727,24,21,2,19,0,0,19,2,3,2,1,0,13,2
2020,HI,6458,1101,396,4961,2521,3874,36,27,5523,935,1469,295,564,83,2160,1887,485,49,430,3,3,418,67,182,60,48,10,74,111
2020,IA,2647,535,200,1912,993,1642,9,3,2464,183,1760,596,19,121,9,142,154,10,144,0,0,150,4,119,21,3,5,0,6
2020,ID,2315,592,149,1574,1035,1276,3,1,1901,414,1904,52,13,230,17,99,178,18,158,2,0,165,13,162,2,0,5,1,8
2020,IL,10431,2212,958,7261,4300,6096,32,3,9302,1129,3671,6333,96,82,21,228,736,55,681,0,0,692,44,259,447,10,9,0,11
2020,IN,5625,978,352,4295,2182,3420,16,7,5278,347,3492,1783,37,50,21,242,530,34,493,3,0,506,24,305,205,0,4,2,14
2020,KS,2449,407,213,1829,928,1516,3,2,2184,265,1512,553,15,96,2,271,203,13,190,0,0,197,6,145,38,0,14,0,6
2020,KY,4011,581,268,3162,1607,2393,8,3,3875,136,2826,996,19,22,20,128,399,27,372,0,0,389,10,251,139,0,2,2,5
2020,LA,3173,396,275,2502,967,2192,11,3,3085,88,1165,1908,21,29,5,45,378,16,359,1,2,368,10,158,205,1,1,0,13
2020,MA,17975,7092,1404,9479,8891,9039,33,12,11790,6185,9903,6538,198,86,87,1163,836,53,778,5,0,750,86,583,201,7,8,2,35
2020,MD,6360,1215,346,4799,2568,3753,31,8,5994,366,2211,3755,56,60,26,252,464,21,442,0,1,459,5,167,287,0,4,0,6
2020,ME,2097,480,149,1468,940,1143,8,6,2013,84,1631,310,3,48,7,98,103,8,95,0,0,100,3,90,9,0,3,0,1
2020,MI,8638,2239,658,5741,3770,4855,8,5,8154,484,4023,3937,53,100,29,496,639,36,603,0,0,625,14,298,309,2,8,0,22
2020,MN,7940,2140,932,4868,3408,4485,25,22,7295,645,3016,3302,145,795,50,632,315,25,287,3,0,298,17,183,96,1,14,5,16
2020,MO,6527,1482,693,4352,2952,3540,23,12,6201,326,3522,2489,35,87,22,372,453,32,421,0,0,446,7,267,159,4,8,3,12
2020,MP,1207,409,117,681,576,631,0,0,1207,0,7,0,438,0,758,4,9,1,8,0,0,9,0,2,0,0,0,7,0
2020,MS,1107,165,53,889,395,709,3,0,1089,18,512,554,3,11,5,22,68,6,61,1,0,67,1,31,36,0,0,0,1
2020,MT,1545,328,98,1119,630,896,10,9,1398,147,1087,51,4,300,10,93,165,12,152,1,0,151,14,136,2,0,21,0,6
2020,NC,9280,1634,561,7085,3614,5646,18,2,8820,460,4060,4757,30,93,20,320,798,62,735,1,0,776,22,385,385,1,7,2,18
2020,ND,541,115,46,380,226,314,1,0,501,40,285,95,1,131,1,28,49,3,46,0,0,47,2,41,3,0,5,0,0
2020,NE,2404,463,181,1760,897,1501,6,0,2075,329,1588,543,22,71,15,165,153,9,144,0,0,144,9,110,31,0,4,3,5
2020,NH,1675,373,118,1184,735,935,5,0,1491,184,1474,98,16,6,7,74,116,14,102,0,0,107,9,106,5,0,3,0,2
2020,NJ,9662,2053,717,6892,4030,5614,14,4,7690,1972,3681,5418,58,88,48,369,595,41,554,0,0,525,70,230,324,2,6,4,29
2020,NM,3333,482,221,2630,1197,2103,19,14,2008,1325,2011,227,14,831,38,212,252,12,237,1,2,179,73,150,22,2,65,1,12
2020,NV,6900,383,549,5968,2050,4839,11,0,5856,1044,4394,1884,128,147,121,226,924,61,862,1,0,852,72,519,300,8,29,14,54
2020,NY,91271,27968,8199,55104,41881,48905,442,43,60412,30859,21777,62198,937,500,1248,4611,1251,86,1161,2,2,1080,171,506,681,8,8,9,39
2020,OH,10655,1999,842,7814,4210,6400,43,2,10168,487,5350,4662,54,78,22,489,730,44,683,3,0,712,18,382,318,1,3,2,24
2020,OK,3932,490,305,3137,1402,2500,24,6,3642,290,2451,815,13,411,9,233,325,16,306,2,1,311,14,206,69,2,35,1,12
2020,OR,14655,2030,944,11681,5443,9072,72,68,13271,1384,11916,839,112,711,167,910,1329,114,1202,8,5,1248,81,1051,102,8,64,18,86
2020,PA,13375,3048,1000,9327,5388,7910,60,17,11632,1743,5854,6793,65,62,56,545,977,70,904,2,1,929,48,534,411,5,8,3,16
2020,PR,2451,110,79,2262,517,1924,10,0,56,2395,1039,465,3,16,6,922,88,8,80,0,0,10,78,36,20,1,0,1,30
2020,RI,1104,238,48,818,431,667,5,1,857,247,656,322,6,24,6,90,92,5,87,0,0,85,7,72,16,0,1,0,3
2020,SC,4287,518,256,3513,1579,2699,5,4,4172,115,1887,2160,12,55,6,167,428,25,401,2,0,422,6,178,232,0,6,2,10
2020,SD,1058,215,83,760,448,607,3,0,977,81,265,65,2,699,0,27,43,1,41,1,0,42,1,19,3,0,21,0,0
2020,TN,7256,998,397,5861,2602,4637,14,3,7068,188,4091,2849,29,66,30,191,570,41,529,0,0,560,10,326,226,2,5,1,10
2020,TX,27229,4048,1663,21518,10080,17067,61,21,19684,7545,15778,10001,206,346,89,809,1948,179,1761,2,6,1592,356,1131,728,8,31,9,41
2020,UT,3131,635,239,2257,1250,1863,14,4,2362,769,2367,332,36,162,58,176,114,3,110,1,0,104,10,91,18,0,0,1,4
2020,VA,5957,1266,360,4331,2395,3547,12,3,5465,492,2233,3169,98,62,16,379,395,39,356,0,0,383,12,145,221,0,3,1,25
2020,VI,304,0,6,298,98,201,0,5,260,44,33,232,0,6,0,33,13,3,10,0,0,12,1,3,10,0,0,0,0
2020,VT,1110,216,127,767,498,600,8,4,1069,41,983,62,9,6,4,46,71,8,62,0,1,67,4,65,0,0,0,0,6
2020,WA,22923,4115,1913,16895,9426,13094,175,228,19863,3060,13904,3953,332,2544,653,1537,1607,213,1360,2,32,1532,75,1075,268,107,57,22,78
2020,WI,4515,1196,293,3026,1887,2615,13,0,4115,400,2426,1572,46,201,15,255,337,20,317,0,0,331,6,224,99,2,2,3,7
2020,WV,1341,122,115,1104,522,818,1,0,1311,30,1097,181,3,11,3,46,104,9,95,0,0,104,0,88,12,0,0,0,4
2020,WY,612,143,92,377,268,344,0,0,536,76,510,38,0,39,3,22,51,2,49,0,0,45,6,44,3,0,4,0,0
2021,AK,1949,302,305,1342,672,1272,5,0,1841,108,599,141,27,856,61,265,36,8,28,0,0,34,2,15,4,1,13,0,3
2021,AL,2556,312,74,1691,789,1281,6,1,1895,182,934,1067,6,12,1,57,241,21,220,0,0,236,5,108,127,0,1,1,4
2021,AR,2139,193,165,1781,818,1319,0,2,2006,133,1490,552,9,49,5,34,102,10,92,0,0,101,1,58,38,1,2,1,2
2021,AS,0,0,0,0,0,0,0,0,0,0,0,0,0,0,0,0,0,0,0,0,0,0,0,0,0,0,0,0,0
2021,AZ,5460,1387,347,3726,2359,3074,21,6,3994,1466,3140,1391,45,429,19,436,637,53,582,1,1,571,66,465,113,3,26,3,27
2021,CA,57468,12424,4288,39950,25230,31319,338,126,37413,19600,33081,17122,1157,1729,753,3171,3351,251,3090,7,3,2807,544,2009,1000,56,100,48,138
2021,CO,8544,1545,457,6542,3238,5266,21,19,6049,2495,5589,1736,42,384,150,643,642,65,574,1,2,556,86,446,132,3,27,6,28
2021,CT,2593,385,184,2024,987,1596,8,2,1893,700,1267,994,17,33,14,268,125,10,115,0,0,108,17,77,41,0,2,0,5
2021,DC,5111,752,502,3857,1836,3215,43,17,4849,262,401,4487,38,22,18,145,187,20,167,0,0,182,5,26,154,1,2,0,4
2021,DE,1579,509,122,948,760,817,2,0,1465,114,551,967,6,2,4,49,74,10,64,0,0,70,4,28,45,0,0,0,1
2021,FL,21121,3497,940,13915,6845,11438,30,39,15659,2693,10716,7666,85,969,80,603,2011,136,1748,1,0,1747,138,1186,623,7,19,7,43
2021,GA,5486,1265,347,3647,2259,2884,23,93,4988,271,1316,3722,41,13,13,154,297,30,265,1,1,290,7,68,217,1,4,3,4
2021,GU,199,102,14,83,103,96,0,0,196,3,0,2,2,0,184,11,12,1,11,0,0,12,0,0,2,0,0,9,1
2021,HI,2490,766,157,1567,1148,1328,11,3,2135,355,437,87,160,12,994,800,153,17,136,0,0,132,21,65,23,13,1,23,28
2021,IA,2534,501,185,1848,1008,1521,3,2,2301,233,1753,521,41,89,13,117,120,6,114,0,0,117,3,95,18,0,4,0,3
2021,ID,1889,552,144,1120,484,530,3,0,863,154,890,37,4,44,4,38,128,4,92,0,0,89,7,92,0,1,3,0,0
2021,IL,7958,1828,804,5142,3373,4370,25,6,6843,931,2688,4657,78,64,24,263,402,27,370,4,1,380,22,167,225,1,1,0,8
2021,IN,4975,845,295,3835,1865,3093,10,7,4738,237,3110,1619,43,40,19,144,495,29,466,0,0,475,20,273,205,0,4,3,10
2021,KS,1803,277,152,1374,694,1101,6,2,1608,195,1181,397,13,68,11,133,216,40,176,0,0,203,13,145,45,1,11,5,9
2021,KY,2544,372,203,1969,1008,1530,3,3,2420,124,1659,741,15,16,8,105,266,17,249,0,0,263,3,164,93,0,2,0,7
2021,LA,2131,298,146,1205,612,1029,8,0,1603,46,587,975,7,21,7,52,266,12,254,0,0,262,4,99,160,1,1,0,5
2021,MA,15079,5900,1165,7998,7535,7487,31,10,9593,5140,8255,5140,160,62,87,1029,534,33,497,2,2,489,45,381,129,3,4,3,14
2021,MD,4550,785,375,3361,1747,2759,14,1,4139,382,1460,2776,40,32,27,184,281,31,250,0,0,268,13,87,183,0,3,2,6
2021,ME,2063,461,138,1464,952,1099,8,4,2009,54,1657,268,10,31,3,94,91,6,85,0,0,90,1,79,6,0,2,0,4
2021,MI,6757,1828,565,4293,2947,3739,15,7,6328,380,2929,3326,46,69,11,327,498,39,459,0,0,487,11,214,266,1,4,0,13
2021,MN,6775,1870,713,4192,3066,3668,26,15,6196,579,2521,2914,176,550,30,584,327,33,292,2,0,318,9,192,106,3,16,0,10
2021,MO,4926,1173,443,3151,2162,2544,16,8,4509,221,2639,1717,27,56,20,271,352,22,328,1,1,337,15,201,134,2,4,2,9
2021,MP,2,0,0,2,2,0,0,0,2,0,0,0,1,0,0,1,0,0,0,0,0,0,0,0,0,0,0,0,0
2021,MS,626,51,35,540,254,370,1,1,596,30,338,266,2,4,0,16,31,3,28,0,0,31,0,21,8,0,0,0,2
2021,MT,1801,259,72,844,487,678,1,2,1078,90,843,62,2,187,8,66,110,14,96,0,0,97,13,86,11,0,9,0,4
2021,NC,7249,1484,437,5221,2936,4189,15,2,6822,320,2527,4254,36,75,17,233,706,65,639,1,1,695,11,296,384,1,6,1,18
2021,ND,548,126,57,365,237,309,1,1,491,57,272,88,4,134,2,48,34,1,33,0,0,33,1,26,3,0,4,0,1
2021,NE,1935,326,147,1462,718,1210,5,2,1677,258,1271,430,26,75,12,121,129,11,118,0,0,120,9,88,29,0,8,2,2
2021,NH,1491,320,123,1048,645,843,3,0,1324,167,1303,90,16,3,4,75,119,13,106,0,0,112,7,107,4,1,0,0,7
2021,NJ,8262,1672,537,6053,3342,4905,15,0,6567,1695,3144,4669,66,72,42,269,438,35,403,0,0,393,45,188,235,3,2,3,7
2021,NM,2747,521,207,2019,1072,1646,21,8,1388,1359,1701,199,12,670,26,139,169,15,152,2,0,120,49,109,23,1,27,3,6
2021,NV,7090,367,354,5366,1879,4180,21,7,5014,1073,3424,1797,141,174,76,475,749,28,720,1,0,644,105,399,243,22,37,5,43
2021,NY,78920,22349,6712,49793,34613,43729,461,43,52219,26627,17891,54206,886,461,1370,4032,1108,73,1034,0,1,943,165,422,623,1,6,7,49
2021,OH,7915,1781,671,5463,3338,4549,26,2,7513,402,3663,3776,44,35,26,371,505,34,471,0,0,490,15,274,219,2,0,2,8
2021,OK,2694,438,258,1998,1078,1599,7,10,2464,230,1646,530,17,295,11,195,199,15,182,1,1,192,7,132,40,2,13,0,12
2021,OR,9048,992,672,7384,3325,5629,43,51,7991,1057,7268,542,49,439,132,618,1000,66,932,2,0,902,98,820,67,3,37,4,69
2021,PA,10339,2468,789,7031,4356,5882,35,15,8941,1324,4435,5209,40,48,43,490,782,64,718,0,0,730,52,427,333,3,3,5,11
2021,PR,439,55,18,366,151,284,4,0,14,425,200,80,2,5,0,152,5,0,5,0,0,1,4,1,1,0,0,0,3
2021,RI,1267,290,96,881,522,739,6,0,960,307,777,320,5,22,9,134,97,2,94,1,0,93,4,77,15,1,0,1,3
2021,SC,3207,504,215,2245,1182,1774,6,2,2871,93,1236,1577,8,22,5,116,309,26,283,0,0,301,8,126,171,0,2,0,10
2021,SD,817,200,88,529,356,458,1,2,768,49,256,56,7,479,5,14,31,5,26,0,0,30,1,9,2,0,19,0,1
2021,TN,6823,765,342,5429,2298,4026,11,20,6195,160,4147,2017,19,28,11,133,557,53,504,0,0,555,2,298,249,0,3,0,7
2021,TX,17295,2981,1218,13080,6647,10562,54,16,13010,4269,9238,7166,156,173,66,480,1279,107,1169,0,3,1120,159,674,553,5,12,6,29
2021,UT,3565,496,153,1761,1035,1357,10,8,1858,552,1889,252,26,102,44,97,129,7,120,1,1,113,16,105,14,0,3,2,5
2021,VA,5812,1190,336,4160,2353,3310,17,6,5191,495,2282,2905,108,34,18,339,348,43,304,1,0,340,8,148,175,3,2,1,19
2021,VI,177,1,1,175,50,127,0,0,162,15,5,166,2,2,0,2,6,0,6,0,0,5,1,0,6,0,0,0,0
2021,VT,2591,360,267,1964,1167,1410,8,6,2480,111,2266,179,25,31,4,86,103,7,96,0,0,100,3,95,1,0,2,0,5
2021,WA,11511,2811,907,7793,4957,6436,77,41,9703,1808,6871,2595,184,594,372,895,832,76,750,5,1,768,64,557,179,11,36,9,40
2021,WI,4237,1107,235,2895,1816,2399,15,7,3862,375,2352,1374,27,194,18,272,297,15,281,1,0,287,10,208,72,0,6,1,10
2021,WV,1138,100,80,958,438,695,4,1,1115,23,934,140,4,7,3,50,95,7,88,0,0,94,1,76,17,0,0,1,1
2021,WY,405,116,32,257,239,165,0,1,375,30,360,8,0,13,10,14,19,0,19,0,0,16,3,16,3,0,0,0,0
2022,AK,2320,328,203,1789,892,1417,8,3,2206,114,818,121,42,851,186,302,134,17,117,0,0,129,5,56,13,0,49,0,16
2022,AL,3752,790,217,2745,1633,2099,13,7,3545,173,1411,2151,20,32,7,131,308,28,280,0,0,303,5,126,172,0,2,0,8
2022,AR,2459,243,243,1973,861,1589,4,5,2187,272,1681,645,16,52,5,60,92,8,84,0,0,91,1,56,26,0,3,2,5
2022,AS,0,0,0,0,0,0,0,0,0,0,0,0,0,0,0,0,0,0,0,0,0,0,0,0,0,0,0,0,0
2022,AZ,13553,1723,1084,10746,4884,8594,37,38,10122,3431,8811,2740,87,939,107,869,857,93,762,1,1,760,97,611,148,5,44,1,48
2022,CA,171521,15439,10896,145186,58137,110089,1698,1597,107965,63556,93943,52110,4003,7210,2492,11763,10395,1177,9065,60,93,8096,2299,5984,2885,246,413,197,670
2022,CO,10397,1339,575,8483,3884,6374,67,72,7853,2544,6837,1741,55,600,213,951,738,84,637,10,7,629,109,526,129,6,21,14,42
2022,CT,2930,560,205,2165,1177,1747,5,1,2002,928,1564,1135,18,32,18,163,149,19,130,0,0,130,19,85,55,0,3,1,5
2022,DC,4410,600,509,3301,1636,2722,36,16,4155,255,403,3764,35,39,15,154,208,51,157,0,0,196,12,35,165,1,1,0,6
2022,DE,2369,769,200,1400,1129,1234,2,4,2218,151,761,1454,14,6,2,132,93,15,77,0,1,89,4,44,45,1,0,0,3
2022,FL,25959,4189,1222,20548,9225,16656,43,35,21654,4305,14152,10474,106,249,153,825,2279,203,2070,4,2,2128,151,1441,734,10,31,10,53
2022,GA,10689,1785,616,8288,4193,6444,16,36,10073,616,4262,6051,44,45,22,265,664,73,591,0,0,643,21,209,426,4,8,2,15
2022,GU,1087,374,114,599,505,581,1,0,1065,22,14,1,27,0,1014,31,31,9,22,0,0,31,0,3,1,0,0,26,1
2022,HI,5967,865,305,4797,2291,3626,41,9,5209,758,1326,227,545,61,2239,1569,306,33,271,1,1,265,41,121,26,28,8,59,64
2022,IA,2419,485,165,1769,931,1472,7,9,2176,243,1594,532,46,85,10,152,141,7,134,0,0,139,2,104,23,2,2,1,9
2022,ID,1998,459,132,1407,867,1123,6,2,1631,367,1716,47,10,123,20,82,149,14,133,2,0,134,15,130,7,1,3,1,7
2022,IL,9212,1902,897,6413,3620,5533,37,22,8134,1078,3344,5389,69,65,22,323,524,32,488,4,0,499,25,180,327,2,4,0,11
2022,IN,5449,1012,335,4102,2207,3214,14,14,5175,274,3265,1862,37,60,29,196,482,42,439,0,1,471,11,307,154,2,5,4,10
2022,KS,2397,369,161,1867,943,1427,12,15,2132,265,1582,500,10,75,11,219,218,21,195,0,2,203,15,155,44,2,5,0,12
2022,KY,3984,608,279,3097,1555,2409,13,7,3815,169,2887,899,10,28,18,142,328,23,302,3,0,314,14,201,107,0,8,1,11
2022,LA,7373,2262,211,4900,3198,4144,13,18,6982,391,2200,5054,16,35,13,55,322,28,292,1,1,317,5,126,190,3,1,1,1
2022,MA,15507,5977,1187,8343,7762,7669,33,43,9727,5780,8588,5855,144,84,111,725,534,57,474,3,0,492,42,381,123,1,11,2,16
2022,MD,5349,1080,354,3915,2146,3174,18,11,5018,331,1845,3224,47,68,17,148,303,28,273,1,1,293,10,118,177,1,1,2,4
2022,ME,4411,1073,290,3048,1883,2461,15,52,4275,136,2906,1258,18,52,8,169,243,22,221,0,0,238,5,211,11,0,6,0,15
2022,MI,8206,2164,624,5418,3592,4591,22,23,7659,569,3840,3789,27,121,16,435,498,44,453,0,1,489,9,256,217,0,9,0,16
2022,MN,7917,1972,781,5164,3453,4409,34,21,7201,716,2979,2925,170,1097,33,713,290,33,256,1,0,277,13,162,83,5,22,1,17
2022,MO,5992,1127,551,4314,2511,3414,34,33,5640,352,3416,2126,24,77,21,328,476,56,418,2,0,463,13,284,159,3,8,4,18
2022,MP,1207,409,117,681,576,631,0,0,1207,0,7,0,438,0,758,4,9,1,8,0,0,9,0,2,0,0,0,7,0
2022,MS,1196,70,125,1001,445,736,6,9,1171,25,513,650,3,8,10,12,139,21,115,1,2,137,2,48,91,0,0,0,0
2022,MT,1585,264,121,1200,660,914,7,4,1450,135,1170,39,5,254,18,99,172,25,145,1,1,162,10,148,9,0,9,0,6
2022,NC,9382,1743,556,7083,3949,5356,34,43,8747,635,3685,4970,90,146,33,458,687,58,628,1,0,668,19,296,353,5,10,5,18
2022,ND,610,116,45,449,233,371,1,5,549,61,256,89,4,225,2,34,37,2,35,0,0,34,3,30,1,0,2,0,4
2022,NE,2246,373,152,1721,830,1398,12,6,1964,282,1479,499,36,109,9,114,145,7,138,0,0,139,6,105,29,1,2,0,8
2022,NH,1605,315,128,1162,685,905,12,3,1457,148,1434,91,8,3,7,62,127,15,112,0,0,122,5,118,6,0,1,0,2
2022,NJ,8752,1833,650,6269,3650,5085,15,2,6985,1767,3457,4887,64,83,52,209,479,50,429,0,0,431,48,199,265,7,5,2,1
2022,NM,2560,484,192,1884,945,1575,11,29,1391,1169,1677,220,12,424,44,183,91,12,78,0,1,66,25,60,16,0,10,1,4
2022,NV,7618,522,392,6704,2292,5258,23,45,6502,1116,4467,2298,128,208,167,350,752,43,706,0,3,700,52,461,210,16,18,12,35
2022,NY,74178,20299,6399,47480,31997,41662,456,63,48633,25545,16787,51036,794,567,1017,3977,990,67,922,0,1,842,148,432,525,9,7,2,15
2022,OH,10654,2098,930,7626,4434,6151,56,13,10195,459,5406,4608,46,73,19,502,633,51,580,1,1,596,37,359,244,0,3,1,26
2022,OK,3754,528,360,2866,1496,2220,18,20,3418,336,2072,806,30,519,37,290,273,27,246,0,0,261,12,172,59,1,24,1,16
2022,OR,17959,2157,987,14815,6671,10931,131,226,15876,2083,13960,1172,101,880,227,1619,1460,131,1308,9,12,1320,140,1127,96,12,77,5,143
2022,PA,12691,2974,943,8774,5373,7260,42,16,10877,1814,5864,5927,65,91,93,651,778,87,690,0,1,725,53,447,307,3,4,1,16
2022,PR,2215,112,87,2016,476,1648,5,86,75,2140,992,466,0,7,0,750,70,4,65,0,1,7,63,37,16,0,0,0,17
2022,RI,1577,317,101,1159,622,940,9,6,1229,348,1030,384,8,37,5,113,113,10,103,0,0,111,2,83,19,1,2,1,7
2022,SC,3608,539,251,2818,1352,2235,14,7,3475,133,1570,1831,16,32,12,147,359,31,326,1,1,353,6,151,192,2,4,2,8
2022,SD,1389,281,96,1012,563,818,4,4,1308,81,341,63,5,952,0,28,40,3,37,0,0,38,2,15,4,1,19,0,1
2022,TN,10567,1460,629,8478,4421,6107,17,22,10178,389,7105,3142,26,50,30,214,549,60,487,1,1,538,11,321,211,1,4,2,10
2022,TX,24432,3791,1508,19133,9076,15205,79,72,16622,7810,14311,8459,234,376,69,983,1711,178,1526,1,6,1471,240,1022,591,5,26,10,57
2022,UT,3557,697,235,2625,1420,2107,9,21,2773,784,2703,290,33,242,89,200,155,17,136,2,0,147,8,125,15,2,2,1,10
2022,VA,6529,1418,413,4698,2621,3853,26,29,5957,572,2761,3269,107,47,10,335,392,42,349,0,1,380,12,178,193,2,3,0,16
2022,VI,175,1,1,173,37,138,0,0,151,24,10,159,2,2,0,2,6,0,6,0,0,5,1,0,6,0,0,0,0
2022,VT,2780,481,221,2078,1219,1543,9,9,2641,139,2448,177,14,25,6,110,100,8,91,1,0,95,5,87,6,0,2,1,4
2022,WA,25211,4044,1661,19506,8927,15707,339,238,21271,3940,15237,4219,305,1854,925,2671,1569,247,1282,27,13,1394,175,1019,227,12,114,34,163
2022,WI,4775,1228,311,3236,2098,2651,18,8,4368,407,2812,1391,45,219,13,295,341,13,326,2,0,333,8,246,81,1,8,0,5
2022,WV,1375,90,131,1154,531,829,5,10,1350,25,1197,124,2,10,5,37,122,7,115,0,0,121,1,104,15,0,1,0,2
2022,WY,648,106,79,463,256,390,1,1,581,67,499,26,0,89,2,32,68,6,62,0,0,62,6,51,6,0,9,0,2
2023,AK,2614,361,227,2026,991,1600,16,7,2355,259,796,181,38,1151,99,349,119,15,104,0,0,111,8,52,14,0,43,0,10
2023,AL,3304,560,178,2566,1258,2010,23,13,3188,116,1349,1787,12,37,11,108,291,26,265,0,0,283,8,119,160,0,4,0,8
2023,AR,2609,304,177,2128,1006,1580,13,10,2474,135,1696,733,7,50,30,93,205,19,183,1,2,200,5,138,52,0,3,0,12
2023,AS,0,0,0,0,0,0,0,0,0,0,0,0,0,0,0,0,0,0,0,0,0,0,0,0,0,0,0,0,0
2023,AZ,14237,1585,996,11656,4893,9186,52,106,10311,3926,9011,3097,101,975,106,947,932,88,834,7,3,809,123,667,158,9,40,7,51
2023,CA,181399,15499,11840,126563,60459,117492,1919,1529,114448,66951,96385,53369,7012,8589,3413,12631,10589,1549,8871,72,97,8256,2333,5643,3119,417,473,170,767
2023,CO,14439,2291,771,11377,5324,8935,92,88,10671,3768,9655,2431,135,829,402,987,1022,98,910,11,3,890,132,693,186,10,50,7,76
2023,CT,3015,583,236,2196,1190,1811,9,5,2083,932,1653,1117,14,38,7,186,165,17,148,0,0,149,16,95,61,0,1,1,7
2023,DC,4922,715,521,3686,1698,3159,39,26,4439,483,587,4091,40,73,52,79,218,57,161,0,0,202,16,40,166,1,2,5,4
2023,DE,1245,335,66,844,551,687,3,4,1138,107,385,773,4,3,2,78,79,17,62,0,0,76,3,33,42,0,2,0,2
2023,FL,30756,4797,1518,24441,11636,18953,68,99,25542,5214,16579,12495,186,330,117,1049,2558,229,2323,3,3,2297,261,1627,822,4,37,13,55
2023,GA,12294,2349,642,5693,4927,7291,10,66,11612,682,4603,7165,43,58,20,405,701,89,608,0,4,673,28,227,432,4,6,1,31
2023,GU,1075,311,94,670,479,595,0,1,1033,42,9,5,33,1,1005,22,24,6,18,0,0,22,2,0,3,1,1,19,0
2023,HI,6223,924,428,4871,2419,3740,36,28,5392,831,1295,246,603,50,2336,1693,317,28,286,1,2,277,40,117,51,40,6,40,63
2023,IA,2653,516,180,1957,1031,1598,15,9,2407,246,1687,664,28,86,18,170,128,4,124,0,0,118,10,95,18,2,9,2,2
2023,ID,2298,461,133,1704,991,1298,5,4,1814,484,1902,50,8,160,21,157,182,17,164,1,0,174,8,156,8,0,14,1,3
2023,IL,11947,2426,1347,8152,4584,7266,58,39,8363,3584,5535,5583,197,143,62,427,523,42,478,1,2,488,35,186,316,8,5,0,8
2023,IN,6017,1197,347,4473,2510,3460,15,32,5728,289,3684,1962,27,39,36,269,488,46,437,2,3,473,15,305,154,2,5,5,17
2023,KS,2636,435,153,2048,1012,1607,8,9,2304,332,1795,540,12,78,14,197,199,20,177,1,1,188,11,140,38,1,7,1,12
2023,KY,4766,590,307,3869,1799,2928,18,21,4549,217,3386,1131,16,36,11,186,417,30,387,0,0,401,16,270,125,1,8,1,12
2023,LA,3169,376,199,2594,1052,2083,17,17,3045,124,1179,1885,15,28,13,49,249,15,233,0,1,243,6,94,146,0,2,1,6
2023,MA,19141,7400,1348,10393,9637,9392,75,37,12440,6701,9223,8659,181,126,134,818,545,70,471,2,2,491,54,403,113,3,11,0,15
2023,MD,5865,1146,418,4301,2355,3474,21,15,5427,438,1945,3521,64,96,29,210,291,20,270,1,0,282,9,92,188,1,4,2,4
2023,ME,4258,1236,314,2708,2129,2077,38,14,4039,219,2044,2013,17,34,5,145,123,11,111,0,1,119,4,102,9,0,5,2,5
2023,MI,8997,2280,721,5806,3847,5082,32,36,8348,649,4278,3981,51,101,20,566,484,38,443,2,1,470,14,230,224,0,5,2,23
2023,MN,8393,2390,951,5052,3917,4399,35,42,7301,1092,2999,3152,193,961,45,1043,336,40,295,0,1,316,20,193,81,20,25,3,14
2023,MO,6708,1240,591,4877,2775,3862,31,40,6260,448,3811,2399,40,90,67,301,569,55,508,4,2,545,24,329,198,2,13,1,26
2023,MP,0,0,0,0,0,0,0,0,0,0,0,0,0,0,0,0,0,0,0,0,0,0,0,0,0,0,0,0,0
2023,MS,982,130,49,803,375,599,6,2,954,28,429,505,7,8,5,28,61,6,54,1,0,61,0,28,30,0,0,1,2
2023,MT,2178,296,217,1665,898,1259,7,14,1975,203,1480,63,10,461,18,146,207,23,184,0,0,186,21,157,7,0,22,1,20
2023,NC,9754,1652,594,7508,3930,5762,32,30,9224,530,4094,5045,60,155,36,364,777,78,693,1,5,763,14,359,377,3,14,1,23
2023,ND,784,137,84,563,277,495,6,6,717,67,352,102,9,276,0,45,27,2,25,0,0,24,3,19,2,0,5,0,1
2023,NE,2462,419,193,1850,931,1515,10,6,2134,328,1585,528,37,134,11,167,132,9,121,2,0,124,8,96,27,0,4,0,5
2023,NH,2441,443,175,1823,1112,1310,8,11,2226,215,2175,124,14,29,10,89,100,11,89,0,0,95,5,92,4,0,1,0,3
2023,NJ,10264,2500,737,7027,4550,5668,24,22,7174,3090,3916,5814,82,149,41,262,454,36,414,3,1,392,62,197,232,5,8,5,7
2023,NM,3842,678,283,2881,1578,2210,27,27,1868,1974,2456,400,24,719,81,162,256,33,220,1,2,166,90,162,34,3,35,12,10
2023,NV,8666,693,454,7519,2810,5774,7,75,7207,1459,4984,2790,172,237,157,326,1094,92,994,1,7,989,105,666,318,21,33,10,46
2023,NY,103200,29377,10327,63496,44531,57982,545,142,53543,49657,29552,65791,873,946,294,5744,1098,80,1009,8,1,891,207,460,595,5,14,9,15
2023,OH,11386,2091,911,8384,4608,6692,49,37,10851,535,5917,4765,40,91,38,535,623,38,581,3,1,604,19,367,237,0,3,5,11
2023,OK,4648,626,452,3570,1748,2798,18,84,4170,478,2642,991,24,621,45,325,288,25,261,0,2,264,24,196,46,0,25,6,15
2023,OR,20142,2617,1255,16270,7720,12001,108,313,17560,2582,15563,1559,153,996,375,1496,1575,154,1397,8,16,1415,160,1285,93,8,69,14,106
2023,PA,12556,2669,957,8930,5003,7433,49,71,10820,1736,5897,5780,65,93,45,676,826,82,739,3,2,760,66,457,318,4,13,3,31
2023,PR,2242,95,87,1104,500,1654,4,84,62,2180,1096,488,0,16,1,641,58,7,51,0,0,3,55,27,16,0,1,1,13
2023,RI,1810,376,81,1353,718,1069,12,11,1404,406,1140,436,12,33,4,185,100,10,90,0,0,94,6,71,21,1,3,0,4
2023,SC,4053,520,220,3313,1482,2553,11,7,3872,181,1980,1863,12,38,8,152,393,19,374,0,0,379,14,152,212,1,6,1,21
2023,SD,1282,207,107,968,530,739,5,8,1194,88,372,63,7,779,9,52,58,5,53,0,0,55,3,26,1,1,23,0,7
2023,TN,9215,1020,646,7549,3411,5712,45,47,8926,289,5718,3101,30,85,10,271,759,65,694,0,0,730,29,438,287,0,9,0,25
2023,TX,27377,4231,1621,21525,10301,16906,54,116,18849,8528,16277,9668,246,416,96,674,2036,210,1815,2,9,1710,326,1149,768,11,47,8,53
2023,UT,3687,605,218,2864,1385,2235,15,52,2826,861,2805,329,39,218,95,201,181,14,166,0,1,156,25,138,20,2,5,6,10
2023,VA,6761,1539,441,4781,2794,3914,26,27,6069,692,2681,3434,133,60,18,435,386,46,334,6,0,364,22,156,199,1,6,1,23
2023,VI,252,1,3,248,64,187,0,1,225,27,23,219,2,2,0,6,9,0,9,0,0,7,2,1,8,0,0,0,0
2023,VT,3295,654,247,2394,1454,1810,7,24,3141,154,2835,266,36,83,6,69,122,7,114,0,1,116,6,98,13,0,3,1,7
2023,WA,28036,4386,1897,15275,10124,17283,325,304,23795,4241,17046,4694,343,2065,1218,2670,1684,265,1380,25,14,1481,203,1065,279,14,128,55,143
2023,WI,4861,1189,279,3393,1999,2814,29,19,4416,445,2739,1592,51,211,12,256,335,13,322,0,0,323,12,223,91,2,8,2,9
2023,WV,1416,125,136,1155,548,849,10,9,1393,23,1210,137,2,11,2,54,91,2,89,0,0,90,1,74,13,0,2,0,2
2023,WY,532,37,62,433,158,372,0,2,462,70,419,47,14,22,2,28,90,2,88,0,0,90,0,82,4,0,1,1,2
